Município;UF;TOM;Unidade Local;Delegacia;Região Fiscal;Estado;Pais
ABAIRA;BA;3301;ARF - SEABRA (BA);DRF - FEIRA DE SANTANA (BA);5ª RF;Bahia;Brasil
ABARE;BA;3303;ARF - PAULO AFONSO (BA);DRF - FEIRA DE SANTANA (BA);5ª RF;Bahia;Brasil
ACAJUTIBA;BA;3305;ARF - ALAGOINHAS (BA);DRF - FEIRA DE SANTANA (BA);5ª RF;Bahia;Brasil
ADUSTINA;BA;3253;ARF - PAULO AFONSO (BA);DRF - FEIRA DE SANTANA (BA);5ª RF;Bahia;Brasil
AGUA FRIA;BA;3307;ARF - ALAGOINHAS (BA);DRF - FEIRA DE SANTANA (BA);5ª RF;Bahia;Brasil
AIQUARA;BA;3311;ARF - JEQUIÉ (BA);DRF - VITÓRIA DA CONQUISTA (BA);5ª RF;Bahia;Brasil
ALAGOINHAS;BA;3313;ARF - ALAGOINHAS (BA);DRF - FEIRA DE SANTANA (BA);5ª RF;Bahia;Brasil
ALCOBACA;BA;3315;ARF - TEIXEIRA DE FREITAS (BA);DRF - VITÓRIA DA CONQUISTA (BA);5ª RF;Bahia;Brasil
ALMADINA;BA;3317;ARF - ITABUNA (BA);DRF - VITÓRIA DA CONQUISTA (BA);5ª RF;Bahia;Brasil
AMARGOSA;BA;3319;ARF - SANTO ANTÔNIO DE JESUS (BA);DRF - FEIRA DE SANTANA (BA);5ª RF;Bahia;Brasil
AMELIA RODRIGUES;BA;3321;DRF - FEIRA DE SANTANA (BA);DRF - FEIRA DE SANTANA (BA);5ª RF;Bahia;Brasil
AMERICA DOURADA;BA;3071;ARF - IRECÊ (BA);DRF - FEIRA DE SANTANA (BA);5ª RF;Bahia;Brasil
AMPARO DE SAO FRANCISCO;SE;3101;DRF - ARACAJU (SE);DRF - ARACAJU (SE);5ª RF;Sergipe;Brasil
ANAGE;BA;3323;DRF - VITÓRIA DA CONQUISTA (BA);DRF - VITÓRIA DA CONQUISTA (BA);5ª RF;Bahia;Brasil
ANDARAI;BA;3325;ARF - SEABRA (BA);DRF - FEIRA DE SANTANA (BA);5ª RF;Bahia;Brasil
ANDORINHA;BA;3255;ARF - EUCLIDES DA CUNHA (BA);DRF - FEIRA DE SANTANA (BA);5ª RF;Bahia;Brasil
ANGICAL;BA;3327;ARF - BARREIRAS (BA);DRF - FEIRA DE SANTANA (BA);5ª RF;Bahia;Brasil
ANGUERA;BA;3329;DRF - FEIRA DE SANTANA (BA);DRF - FEIRA DE SANTANA (BA);5ª RF;Bahia;Brasil
ANTAS;BA;3331;ARF - PAULO AFONSO (BA);DRF - FEIRA DE SANTANA (BA);5ª RF;Bahia;Brasil
ANTONIO CARDOSO;BA;3333;DRF - FEIRA DE SANTANA (BA);DRF - FEIRA DE SANTANA (BA);5ª RF;Bahia;Brasil
ANTONIO GONCALVES;BA;3335;ARF - JACOBINA (BA);DRF - FEIRA DE SANTANA (BA);5ª RF;Bahia;Brasil
APORA;BA;3337;ARF - ALAGOINHAS (BA);DRF - FEIRA DE SANTANA (BA);5ª RF;Bahia;Brasil
APUAREMA;BA;3257;ARF - JEQUIÉ (BA);DRF - VITÓRIA DA CONQUISTA (BA);5ª RF;Bahia;Brasil
AQUIDABA;SE;3103;DRF - ARACAJU (SE);DRF - ARACAJU (SE);5ª RF;Sergipe;Brasil
ARACAJU;SE;3105;DRF - ARACAJU (SE);DRF - ARACAJU (SE);5ª RF;Sergipe;Brasil
ARACAS;BA;3259;ARF - ALAGOINHAS (BA);DRF - FEIRA DE SANTANA (BA);5ª RF;Bahia;Brasil
ARACATU;BA;3339;DRF - VITÓRIA DA CONQUISTA (BA);DRF - VITÓRIA DA CONQUISTA (BA);5ª RF;Bahia;Brasil
ARACI;BA;3341;DRF - FEIRA DE SANTANA (BA);DRF - FEIRA DE SANTANA (BA);5ª RF;Bahia;Brasil
ARAMARI;BA;3343;ARF - ALAGOINHAS (BA);DRF - FEIRA DE SANTANA (BA);5ª RF;Bahia;Brasil
ARATACA;BA;3073;ARF - ITABUNA (BA);DRF - VITÓRIA DA CONQUISTA (BA);5ª RF;Bahia;Brasil
ARATUIPE;BA;3345;ARF - SANTO ANTÔNIO DE JESUS (BA);DRF - FEIRA DE SANTANA (BA);5ª RF;Bahia;Brasil
ARAUA;SE;3107;DRF - ARACAJU (SE);DRF - ARACAJU (SE);5ª RF;Sergipe;Brasil
AREIA BRANCA;SE;3109;DRF - ARACAJU (SE);DRF - ARACAJU (SE);5ª RF;Sergipe;Brasil
AURELINO LEAL;BA;3347;ARF - ITABUNA (BA);DRF - VITÓRIA DA CONQUISTA (BA);5ª RF;Bahia;Brasil
BAIANOPOLIS;BA;3349;ARF - BARREIRAS (BA);DRF - FEIRA DE SANTANA (BA);5ª RF;Bahia;Brasil
BAIXA GRANDE;BA;3351;DRF - FEIRA DE SANTANA (BA);DRF - FEIRA DE SANTANA (BA);5ª RF;Bahia;Brasil
BANZAE;BA;3261;ARF - EUCLIDES DA CUNHA (BA);DRF - FEIRA DE SANTANA (BA);5ª RF;Bahia;Brasil
BARRA;BA;3353;ARF - IRECÊ (BA);DRF - FEIRA DE SANTANA (BA);5ª RF;Bahia;Brasil
BARRA DA ESTIVA;BA;3355;DRF - VITÓRIA DA CONQUISTA (BA);DRF - VITÓRIA DA CONQUISTA (BA);5ª RF;Bahia;Brasil
BARRA DO CHOCA;BA;3357;DRF - VITÓRIA DA CONQUISTA (BA);DRF - VITÓRIA DA CONQUISTA (BA);5ª RF;Bahia;Brasil
BARRA DO MENDES;BA;3359;ARF - IRECÊ (BA);DRF - FEIRA DE SANTANA (BA);5ª RF;Bahia;Brasil
BARRA DO ROCHA;BA;3361;ARF - JEQUIÉ (BA);DRF - VITÓRIA DA CONQUISTA (BA);5ª RF;Bahia;Brasil
BARRA DOS COQUEIROS;SE;3111;DRF - ARACAJU (SE);DRF - ARACAJU (SE);5ª RF;Sergipe;Brasil
BARREIRAS;BA;3363;ARF - BARREIRAS (BA);DRF - FEIRA DE SANTANA (BA);5ª RF;Bahia;Brasil
BARRO ALTO;BA;3075;ARF - IRECÊ (BA);DRF - FEIRA DE SANTANA (BA);5ª RF;Bahia;Brasil
BARRO PRETO;BA;3365;ARF - ITABUNA (BA);DRF - VITÓRIA DA CONQUISTA (BA);5ª RF;Bahia;Brasil
BARROCAS;BA;1110;DRF - FEIRA DE SANTANA (BA);DRF - FEIRA DE SANTANA (BA);5ª RF;Bahia;Brasil
BELMONTE;BA;3367;IRF - PORTO SEGURO (BA);DRF - VITÓRIA DA CONQUISTA (BA);5ª RF;Bahia;Brasil
BELO CAMPO;BA;3369;DRF - VITÓRIA DA CONQUISTA (BA);DRF - VITÓRIA DA CONQUISTA (BA);5ª RF;Bahia;Brasil
BIRITINGA;BA;3371;ARF - ALAGOINHAS (BA);DRF - FEIRA DE SANTANA (BA);5ª RF;Bahia;Brasil
BOA NOVA;BA;3373;ARF - JEQUIÉ (BA);DRF - VITÓRIA DA CONQUISTA (BA);5ª RF;Bahia;Brasil
BOA VISTA DO TUPIM;BA;3375;ARF - SEABRA (BA);DRF - FEIRA DE SANTANA (BA);5ª RF;Bahia;Brasil
BOM JESUS DA LAPA;BA;3377;ARF - BOM JESUS DA LAPA (BA);DRF - VITÓRIA DA CONQUISTA (BA);5ª RF;Bahia;Brasil
BOM JESUS DA SERRA;BA;3263;DRF - VITÓRIA DA CONQUISTA (BA);DRF - VITÓRIA DA CONQUISTA (BA);5ª RF;Bahia;Brasil
BONINAL;BA;3379;ARF - SEABRA (BA);DRF - FEIRA DE SANTANA (BA);5ª RF;Bahia;Brasil
BONITO;BA;3265;ARF - IRECÊ (BA);DRF - FEIRA DE SANTANA (BA);5ª RF;Bahia;Brasil
BOQUIM;SE;3115;DRF - ARACAJU (SE);DRF - ARACAJU (SE);5ª RF;Sergipe;Brasil
BOQUIRA;BA;3381;ARF - SEABRA (BA);DRF - FEIRA DE SANTANA (BA);5ª RF;Bahia;Brasil
BOTUPORA;BA;3383;ARF - GUANAMBI (BA);DRF - VITÓRIA DA CONQUISTA (BA);5ª RF;Bahia;Brasil
BREJO GRANDE;SE;3113;DRF - ARACAJU (SE);DRF - ARACAJU (SE);5ª RF;Sergipe;Brasil
BREJOES;BA;3385;ARF - SANTO ANTÔNIO DE JESUS (BA);DRF - FEIRA DE SANTANA (BA);5ª RF;Bahia;Brasil
BREJOLANDIA;BA;3387;ARF - BARREIRAS (BA);DRF - FEIRA DE SANTANA (BA);5ª RF;Bahia;Brasil
BROTAS DE MACAUBAS;BA;3389;ARF - SEABRA (BA);DRF - FEIRA DE SANTANA (BA);5ª RF;Bahia;Brasil
BRUMADO;BA;3391;DRF - VITÓRIA DA CONQUISTA (BA);DRF - VITÓRIA DA CONQUISTA (BA);5ª RF;Bahia;Brasil
BUERAREMA;BA;3393;ARF - ITABUNA (BA);DRF - VITÓRIA DA CONQUISTA (BA);5ª RF;Bahia;Brasil
BURITIRAMA;BA;3079;ARF - BARREIRAS (BA);DRF - FEIRA DE SANTANA (BA);5ª RF;Bahia;Brasil
CAATIBA;BA;3395;ARF - ITAPETINGA (BA);DRF - VITÓRIA DA CONQUISTA (BA);5ª RF;Bahia;Brasil
CABACEIRAS DO PARAGUACU;BA;3267;ARF - CRUZ DAS ALMAS (BA);DRF - FEIRA DE SANTANA (BA);5ª RF;Bahia;Brasil
CACHOEIRA;BA;3397;ARF - CRUZ DAS ALMAS (BA);DRF - FEIRA DE SANTANA (BA);5ª RF;Bahia;Brasil
CACULE;BA;3399;ARF - GUANAMBI (BA);DRF - VITÓRIA DA CONQUISTA (BA);5ª RF;Bahia;Brasil
CAEM;BA;3401;ARF - JACOBINA (BA);DRF - FEIRA DE SANTANA (BA);5ª RF;Bahia;Brasil
CAETANOS;BA;3269;DRF - VITÓRIA DA CONQUISTA (BA);DRF - VITÓRIA DA CONQUISTA (BA);5ª RF;Bahia;Brasil
CAETITE;BA;3403;ARF - GUANAMBI (BA);DRF - VITÓRIA DA CONQUISTA (BA);5ª RF;Bahia;Brasil
CAFARNAUM;BA;3405;ARF - IRECÊ (BA);DRF - FEIRA DE SANTANA (BA);5ª RF;Bahia;Brasil
CAIRU;BA;3407;ARF - SANTO ANTÔNIO DE JESUS (BA);DRF - FEIRA DE SANTANA (BA);5ª RF;Bahia;Brasil
CALDEIRAO GRANDE;BA;3409;ARF - JACOBINA (BA);DRF - FEIRA DE SANTANA (BA);5ª RF;Bahia;Brasil
CAMACAN;BA;3411;ARF - ITABUNA (BA);DRF - VITÓRIA DA CONQUISTA (BA);5ª RF;Bahia;Brasil
CAMACARI;BA;3413;DRF - SALVADOR (BA);DRF - SALVADOR (BA);5ª RF;Bahia;Brasil
CAMAMU;BA;3415;IRF - ILHÉUS (BA);DRF - VITÓRIA DA CONQUISTA (BA);5ª RF;Bahia;Brasil
CAMPO ALEGRE DE LOURDES;BA;3417;ARF - JUAZEIRO (BA);DRF - FEIRA DE SANTANA (BA);5ª RF;Bahia;Brasil
CAMPO DO BRITO;SE;3119;DRF - ARACAJU (SE);DRF - ARACAJU (SE);5ª RF;Sergipe;Brasil
CAMPO FORMOSO;BA;3419;ARF - JUAZEIRO (BA);DRF - FEIRA DE SANTANA (BA);5ª RF;Bahia;Brasil
CANAPOLIS;BA;3421;ARF - BOM JESUS DA LAPA (BA);DRF - VITÓRIA DA CONQUISTA (BA);5ª RF;Bahia;Brasil
CANARANA;BA;3423;ARF - IRECÊ (BA);DRF - FEIRA DE SANTANA (BA);5ª RF;Bahia;Brasil
CANAVIEIRAS;BA;3425;IRF - ILHÉUS (BA);DRF - VITÓRIA DA CONQUISTA (BA);5ª RF;Bahia;Brasil
CANDEAL;BA;3427;DRF - FEIRA DE SANTANA (BA);DRF - FEIRA DE SANTANA (BA);5ª RF;Bahia;Brasil
CANDEIAS;BA;3429;DRF - SALVADOR (BA);DRF - SALVADOR (BA);5ª RF;Bahia;Brasil
CANDIBA;BA;3431;ARF - GUANAMBI (BA);DRF - VITÓRIA DA CONQUISTA (BA);5ª RF;Bahia;Brasil
CANDIDO SALES;BA;3433;DRF - VITÓRIA DA CONQUISTA (BA);DRF - VITÓRIA DA CONQUISTA (BA);5ª RF;Bahia;Brasil
CANHOBA;SE;3121;DRF - ARACAJU (SE);DRF - ARACAJU (SE);5ª RF;Sergipe;Brasil
CANINDE DE SAO FRANCISCO;SE;3123;DRF - ARACAJU (SE);DRF - ARACAJU (SE);5ª RF;Sergipe;Brasil
CANSANCAO;BA;3435;ARF - EUCLIDES DA CUNHA (BA);DRF - FEIRA DE SANTANA (BA);5ª RF;Bahia;Brasil
CANUDOS;BA;3085;ARF - EUCLIDES DA CUNHA (BA);DRF - FEIRA DE SANTANA (BA);5ª RF;Bahia;Brasil
CAPELA;SE;3125;DRF - ARACAJU (SE);DRF - ARACAJU (SE);5ª RF;Sergipe;Brasil
CAPELA DO ALTO ALEGRE;BA;3081;DRF - FEIRA DE SANTANA (BA);DRF - FEIRA DE SANTANA (BA);5ª RF;Bahia;Brasil
CAPIM GROSSO;BA;3083;ARF - JACOBINA (BA);DRF - FEIRA DE SANTANA (BA);5ª RF;Bahia;Brasil
CARAIBAS;BA;3271;DRF - VITÓRIA DA CONQUISTA (BA);DRF - VITÓRIA DA CONQUISTA (BA);5ª RF;Bahia;Brasil
CARAVELAS;BA;3437;ARF - TEIXEIRA DE FREITAS (BA);DRF - VITÓRIA DA CONQUISTA (BA);5ª RF;Bahia;Brasil
CARDEAL DA SILVA;BA;3439;ARF - ALAGOINHAS (BA);DRF - FEIRA DE SANTANA (BA);5ª RF;Bahia;Brasil
CARINHANHA;BA;3441;ARF - GUANAMBI (BA);DRF - VITÓRIA DA CONQUISTA (BA);5ª RF;Bahia;Brasil
CARIRA;SE;3127;DRF - ARACAJU (SE);DRF - ARACAJU (SE);5ª RF;Sergipe;Brasil
CARMOPOLIS;SE;3129;DRF - ARACAJU (SE);DRF - ARACAJU (SE);5ª RF;Sergipe;Brasil
CASA NOVA;BA;3443;ARF - JUAZEIRO (BA);DRF - FEIRA DE SANTANA (BA);5ª RF;Bahia;Brasil
CASTRO ALVES;BA;3445;ARF - CRUZ DAS ALMAS (BA);DRF - FEIRA DE SANTANA (BA);5ª RF;Bahia;Brasil
CATOLANDIA;BA;3447;ARF - BARREIRAS (BA);DRF - FEIRA DE SANTANA (BA);5ª RF;Bahia;Brasil
CATU;BA;3449;ARF - ALAGOINHAS (BA);DRF - FEIRA DE SANTANA (BA);5ª RF;Bahia;Brasil
CATURAMA;BA;3273;ARF - GUANAMBI (BA);DRF - VITÓRIA DA CONQUISTA (BA);5ª RF;Bahia;Brasil
CEDRO DE SAO JOAO;SE;3131;DRF - ARACAJU (SE);DRF - ARACAJU (SE);5ª RF;Sergipe;Brasil
CENTRAL;BA;3451;ARF - IRECÊ (BA);DRF - FEIRA DE SANTANA (BA);5ª RF;Bahia;Brasil
CHORROCHO;BA;3453;ARF - PAULO AFONSO (BA);DRF - FEIRA DE SANTANA (BA);5ª RF;Bahia;Brasil
CICERO DANTAS;BA;3455;ARF - PAULO AFONSO (BA);DRF - FEIRA DE SANTANA (BA);5ª RF;Bahia;Brasil
CIPO;BA;3457;ARF - ALAGOINHAS (BA);DRF - FEIRA DE SANTANA (BA);5ª RF;Bahia;Brasil
COARACI;BA;3459;ARF - ITABUNA (BA);DRF - VITÓRIA DA CONQUISTA (BA);5ª RF;Bahia;Brasil
COCOS;BA;3461;ARF - BOM JESUS DA LAPA (BA);DRF - VITÓRIA DA CONQUISTA (BA);5ª RF;Bahia;Brasil
CONCEICAO DA FEIRA;BA;3463;DRF - FEIRA DE SANTANA (BA);DRF - FEIRA DE SANTANA (BA);5ª RF;Bahia;Brasil
CONCEICAO DO ALMEIDA;BA;3465;ARF - CRUZ DAS ALMAS (BA);DRF - FEIRA DE SANTANA (BA);5ª RF;Bahia;Brasil
CONCEICAO DO COITE;BA;3467;DRF - FEIRA DE SANTANA (BA);DRF - FEIRA DE SANTANA (BA);5ª RF;Bahia;Brasil
CONCEICAO DO JACUIPE;BA;3469;DRF - FEIRA DE SANTANA (BA);DRF - FEIRA DE SANTANA (BA);5ª RF;Bahia;Brasil
CONDE;BA;3471;ARF - ALAGOINHAS (BA);DRF - FEIRA DE SANTANA (BA);5ª RF;Bahia;Brasil
CONDEUBA;BA;3473;DRF - VITÓRIA DA CONQUISTA (BA);DRF - VITÓRIA DA CONQUISTA (BA);5ª RF;Bahia;Brasil
CONTENDAS DO SINCORA;BA;3475;DRF - VITÓRIA DA CONQUISTA (BA);DRF - VITÓRIA DA CONQUISTA (BA);5ª RF;Bahia;Brasil
CORACAO DE MARIA;BA;3477;DRF - FEIRA DE SANTANA (BA);DRF - FEIRA DE SANTANA (BA);5ª RF;Bahia;Brasil
CORDEIROS;BA;3479;DRF - VITÓRIA DA CONQUISTA (BA);DRF - VITÓRIA DA CONQUISTA (BA);5ª RF;Bahia;Brasil
CORIBE;BA;3481;ARF - BOM JESUS DA LAPA (BA);DRF - VITÓRIA DA CONQUISTA (BA);5ª RF;Bahia;Brasil
CORONEL JOAO SA;BA;3483;ARF - PAULO AFONSO (BA);DRF - FEIRA DE SANTANA (BA);5ª RF;Bahia;Brasil
CORRENTINA;BA;3485;ARF - BOM JESUS DA LAPA (BA);DRF - VITÓRIA DA CONQUISTA (BA);5ª RF;Bahia;Brasil
COTEGIPE;BA;3487;ARF - BARREIRAS (BA);DRF - FEIRA DE SANTANA (BA);5ª RF;Bahia;Brasil
CRAVOLANDIA;BA;3489;ARF - JEQUIÉ (BA);DRF - VITÓRIA DA CONQUISTA (BA);5ª RF;Bahia;Brasil
CRISOPOLIS;BA;3491;ARF - ALAGOINHAS (BA);DRF - FEIRA DE SANTANA (BA);5ª RF;Bahia;Brasil
CRISTINAPOLIS;SE;3133;DRF - ARACAJU (SE);DRF - ARACAJU (SE);5ª RF;Sergipe;Brasil
CRISTOPOLIS;BA;3493;ARF - BARREIRAS (BA);DRF - FEIRA DE SANTANA (BA);5ª RF;Bahia;Brasil
CRUZ DAS ALMAS;BA;3495;ARF - CRUZ DAS ALMAS (BA);DRF - FEIRA DE SANTANA (BA);5ª RF;Bahia;Brasil
CUMBE;SE;3137;DRF - ARACAJU (SE);DRF - ARACAJU (SE);5ª RF;Sergipe;Brasil
CURACA;BA;3497;ARF - JUAZEIRO (BA);DRF - FEIRA DE SANTANA (BA);5ª RF;Bahia;Brasil
DARIO MEIRA;BA;3499;ARF - JEQUIÉ (BA);DRF - VITÓRIA DA CONQUISTA (BA);5ª RF;Bahia;Brasil
DIAS D'AVILA;BA;3087;DRF - SALVADOR (BA);DRF - SALVADOR (BA);5ª RF;Bahia;Brasil
DIVINA PASTORA;SE;3139;DRF - ARACAJU (SE);DRF - ARACAJU (SE);5ª RF;Sergipe;Brasil
DOM BASILIO;BA;3501;DRF - VITÓRIA DA CONQUISTA (BA);DRF - VITÓRIA DA CONQUISTA (BA);5ª RF;Bahia;Brasil
DOM MACEDO COSTA;BA;3503;ARF - SANTO ANTÔNIO DE JESUS (BA);DRF - FEIRA DE SANTANA (BA);5ª RF;Bahia;Brasil
ELISIO MEDRADO;BA;3505;ARF - SANTO ANTÔNIO DE JESUS (BA);DRF - FEIRA DE SANTANA (BA);5ª RF;Bahia;Brasil
ENCRUZILHADA;BA;3507;DRF - VITÓRIA DA CONQUISTA (BA);DRF - VITÓRIA DA CONQUISTA (BA);5ª RF;Bahia;Brasil
ENTRE RIOS;BA;3509;ARF - ALAGOINHAS (BA);DRF - FEIRA DE SANTANA (BA);5ª RF;Bahia;Brasil
ERICO CARDOSO;BA;3309;ARF - GUANAMBI (BA);DRF - VITÓRIA DA CONQUISTA (BA);5ª RF;Bahia;Brasil
ESPLANADA;BA;3511;ARF - ALAGOINHAS (BA);DRF - FEIRA DE SANTANA (BA);5ª RF;Bahia;Brasil
ESTANCIA;SE;3141;DRF - ARACAJU (SE);DRF - ARACAJU (SE);5ª RF;Sergipe;Brasil
EUCLIDES DA CUNHA;BA;3513;ARF - EUCLIDES DA CUNHA (BA);DRF - FEIRA DE SANTANA (BA);5ª RF;Bahia;Brasil
EUNAPOLIS;BA;3117;IRF - PORTO SEGURO (BA);DRF - VITÓRIA DA CONQUISTA (BA);5ª RF;Bahia;Brasil
FATIMA;BA;3089;ARF - ALAGOINHAS (BA);DRF - FEIRA DE SANTANA (BA);5ª RF;Bahia;Brasil
FEIRA DA MATA;BA;3275;ARF - GUANAMBI (BA);DRF - VITÓRIA DA CONQUISTA (BA);5ª RF;Bahia;Brasil
FEIRA DE SANTANA;BA;3515;DRF - FEIRA DE SANTANA (BA);DRF - FEIRA DE SANTANA (BA);5ª RF;Bahia;Brasil
FEIRA NOVA;SE;3143;DRF - ARACAJU (SE);DRF - ARACAJU (SE);5ª RF;Sergipe;Brasil
FILADELFIA;BA;3091;ARF - JACOBINA (BA);DRF - FEIRA DE SANTANA (BA);5ª RF;Bahia;Brasil
FIRMINO ALVES;BA;3517;ARF - ITAPETINGA (BA);DRF - VITÓRIA DA CONQUISTA (BA);5ª RF;Bahia;Brasil
FLORESTA AZUL;BA;3519;ARF - ITABUNA (BA);DRF - VITÓRIA DA CONQUISTA (BA);5ª RF;Bahia;Brasil
FORMOSA DO RIO PRETO;BA;3521;ARF - BARREIRAS (BA);DRF - FEIRA DE SANTANA (BA);5ª RF;Bahia;Brasil
FREI PAULO;SE;3145;DRF - ARACAJU (SE);DRF - ARACAJU (SE);5ª RF;Sergipe;Brasil
GANDU;BA;3523;ARF - SANTO ANTÔNIO DE JESUS (BA);DRF - FEIRA DE SANTANA (BA);5ª RF;Bahia;Brasil
GARARU;SE;3149;DRF - ARACAJU (SE);DRF - ARACAJU (SE);5ª RF;Sergipe;Brasil
GAVIAO;BA;3093;DRF - FEIRA DE SANTANA (BA);DRF - FEIRA DE SANTANA (BA);5ª RF;Bahia;Brasil
GENERAL MAYNARD;SE;3147;DRF - ARACAJU (SE);DRF - ARACAJU (SE);5ª RF;Sergipe;Brasil
GENTIO DO OURO;BA;3525;ARF - IRECÊ (BA);DRF - FEIRA DE SANTANA (BA);5ª RF;Bahia;Brasil
GLORIA;BA;3527;ARF - PAULO AFONSO (BA);DRF - FEIRA DE SANTANA (BA);5ª RF;Bahia;Brasil
GONGOGI;BA;3529;ARF - ITABUNA (BA);DRF - VITÓRIA DA CONQUISTA (BA);5ª RF;Bahia;Brasil
GOVERNADOR MANGABEIRA;BA;3531;ARF - CRUZ DAS ALMAS (BA);DRF - FEIRA DE SANTANA (BA);5ª RF;Bahia;Brasil
GRACCHO CARDOSO;SE;3151;DRF - ARACAJU (SE);DRF - ARACAJU (SE);5ª RF;Sergipe;Brasil
GUAJERU;BA;3095;DRF - VITÓRIA DA CONQUISTA (BA);DRF - VITÓRIA DA CONQUISTA (BA);5ª RF;Bahia;Brasil
GUANAMBI;BA;3533;ARF - GUANAMBI (BA);DRF - VITÓRIA DA CONQUISTA (BA);5ª RF;Bahia;Brasil
GUARATINGA;BA;3535;IRF - PORTO SEGURO (BA);DRF - VITÓRIA DA CONQUISTA (BA);5ª RF;Bahia;Brasil
HELIOPOLIS;BA;3097;ARF - ALAGOINHAS (BA);DRF - FEIRA DE SANTANA (BA);5ª RF;Bahia;Brasil
IACU;BA;3537;DRF - FEIRA DE SANTANA (BA);DRF - FEIRA DE SANTANA (BA);5ª RF;Bahia;Brasil
IBIASSUCE;BA;3539;ARF - GUANAMBI (BA);DRF - VITÓRIA DA CONQUISTA (BA);5ª RF;Bahia;Brasil
IBICARAI;BA;3541;ARF - ITABUNA (BA);DRF - VITÓRIA DA CONQUISTA (BA);5ª RF;Bahia;Brasil
IBICOARA;BA;3543;ARF - SEABRA (BA);DRF - FEIRA DE SANTANA (BA);5ª RF;Bahia;Brasil
IBICUI;BA;3545;ARF - ITAPETINGA (BA);DRF - VITÓRIA DA CONQUISTA (BA);5ª RF;Bahia;Brasil
IBIPEBA;BA;3547;ARF - IRECÊ (BA);DRF - FEIRA DE SANTANA (BA);5ª RF;Bahia;Brasil
IBIPITANGA;BA;3551;ARF - SEABRA (BA);DRF - FEIRA DE SANTANA (BA);5ª RF;Bahia;Brasil
IBIQUERA;BA;3553;ARF - SEABRA (BA);DRF - FEIRA DE SANTANA (BA);5ª RF;Bahia;Brasil
IBIRAPITANGA;BA;3555;ARF - ITABUNA (BA);DRF - VITÓRIA DA CONQUISTA (BA);5ª RF;Bahia;Brasil
IBIRAPUA;BA;3557;ARF - TEIXEIRA DE FREITAS (BA);DRF - VITÓRIA DA CONQUISTA (BA);5ª RF;Bahia;Brasil
IBIRATAIA;BA;3559;ARF - JEQUIÉ (BA);DRF - VITÓRIA DA CONQUISTA (BA);5ª RF;Bahia;Brasil
IBITIARA;BA;3561;ARF - SEABRA (BA);DRF - FEIRA DE SANTANA (BA);5ª RF;Bahia;Brasil
IBITITA;BA;3563;ARF - IRECÊ (BA);DRF - FEIRA DE SANTANA (BA);5ª RF;Bahia;Brasil
IBOTIRAMA;BA;3565;ARF - BARREIRAS (BA);DRF - FEIRA DE SANTANA (BA);5ª RF;Bahia;Brasil
ICHU;BA;3567;DRF - FEIRA DE SANTANA (BA);DRF - FEIRA DE SANTANA (BA);5ª RF;Bahia;Brasil
IGAPORA;BA;3569;ARF - GUANAMBI (BA);DRF - VITÓRIA DA CONQUISTA (BA);5ª RF;Bahia;Brasil
IGRAPIUNA;BA;3277;IRF - ILHÉUS (BA);DRF - VITÓRIA DA CONQUISTA (BA);5ª RF;Bahia;Brasil
IGUAI;BA;3571;DRF - VITÓRIA DA CONQUISTA (BA);DRF - VITÓRIA DA CONQUISTA (BA);5ª RF;Bahia;Brasil
ILHA DAS FLORES;SE;3153;DRF - ARACAJU (SE);DRF - ARACAJU (SE);5ª RF;Sergipe;Brasil
ILHEUS;BA;3573;IRF - ILHÉUS (BA);DRF - VITÓRIA DA CONQUISTA (BA);5ª RF;Bahia;Brasil
INDIAROBA;SE;3155;DRF - ARACAJU (SE);DRF - ARACAJU (SE);5ª RF;Sergipe;Brasil
INHAMBUPE;BA;3575;ARF - ALAGOINHAS (BA);DRF - FEIRA DE SANTANA (BA);5ª RF;Bahia;Brasil
IPECAETA;BA;3577;DRF - FEIRA DE SANTANA (BA);DRF - FEIRA DE SANTANA (BA);5ª RF;Bahia;Brasil
IPIAU;BA;3579;ARF - JEQUIÉ (BA);DRF - VITÓRIA DA CONQUISTA (BA);5ª RF;Bahia;Brasil
IPIRA;BA;3581;DRF - FEIRA DE SANTANA (BA);DRF - FEIRA DE SANTANA (BA);5ª RF;Bahia;Brasil
IPUPIARA;BA;3583;ARF - SEABRA (BA);DRF - FEIRA DE SANTANA (BA);5ª RF;Bahia;Brasil
IRAJUBA;BA;3585;ARF - JEQUIÉ (BA);DRF - VITÓRIA DA CONQUISTA (BA);5ª RF;Bahia;Brasil
IRAMAIA;BA;3587;ARF - JEQUIÉ (BA);DRF - VITÓRIA DA CONQUISTA (BA);5ª RF;Bahia;Brasil
IRAQUARA;BA;3589;ARF - SEABRA (BA);DRF - FEIRA DE SANTANA (BA);5ª RF;Bahia;Brasil
IRARA;BA;3591;DRF - FEIRA DE SANTANA (BA);DRF - FEIRA DE SANTANA (BA);5ª RF;Bahia;Brasil
IRECE;BA;3593;ARF - IRECÊ (BA);DRF - FEIRA DE SANTANA (BA);5ª RF;Bahia;Brasil
ITABAIANA;SE;3157;DRF - ARACAJU (SE);DRF - ARACAJU (SE);5ª RF;Sergipe;Brasil
ITABAIANINHA;SE;3159;DRF - ARACAJU (SE);DRF - ARACAJU (SE);5ª RF;Sergipe;Brasil
ITABELA;BA;3279;IRF - PORTO SEGURO (BA);DRF - VITÓRIA DA CONQUISTA (BA);5ª RF;Bahia;Brasil
ITABERABA;BA;3595;DRF - FEIRA DE SANTANA (BA);DRF - FEIRA DE SANTANA (BA);5ª RF;Bahia;Brasil
ITABI;SE;3161;DRF - ARACAJU (SE);DRF - ARACAJU (SE);5ª RF;Sergipe;Brasil
ITABUNA;BA;3597;ARF - ITABUNA (BA);DRF - VITÓRIA DA CONQUISTA (BA);5ª RF;Bahia;Brasil
ITACARE;BA;3599;IRF - ILHÉUS (BA);DRF - VITÓRIA DA CONQUISTA (BA);5ª RF;Bahia;Brasil
ITAETE;BA;3601;ARF - SEABRA (BA);DRF - FEIRA DE SANTANA (BA);5ª RF;Bahia;Brasil
ITAGI;BA;3603;ARF - JEQUIÉ (BA);DRF - VITÓRIA DA CONQUISTA (BA);5ª RF;Bahia;Brasil
ITAGIBA;BA;3605;ARF - JEQUIÉ (BA);DRF - VITÓRIA DA CONQUISTA (BA);5ª RF;Bahia;Brasil
ITAGIMIRIM;BA;3607;IRF - PORTO SEGURO (BA);DRF - VITÓRIA DA CONQUISTA (BA);5ª RF;Bahia;Brasil
ITAGUACU DA BAHIA;BA;3281;ARF - IRECÊ (BA);DRF - FEIRA DE SANTANA (BA);5ª RF;Bahia;Brasil
ITAJU DO COLONIA;BA;3609;ARF - ITABUNA (BA);DRF - VITÓRIA DA CONQUISTA (BA);5ª RF;Bahia;Brasil
ITAJUIPE;BA;3611;ARF - ITABUNA (BA);DRF - VITÓRIA DA CONQUISTA (BA);5ª RF;Bahia;Brasil
ITAMARAJU;BA;3613;ARF - TEIXEIRA DE FREITAS (BA);DRF - VITÓRIA DA CONQUISTA (BA);5ª RF;Bahia;Brasil
ITAMARI;BA;3615;ARF - JEQUIÉ (BA);DRF - VITÓRIA DA CONQUISTA (BA);5ª RF;Bahia;Brasil
ITAMBE;BA;3617;ARF - ITAPETINGA (BA);DRF - VITÓRIA DA CONQUISTA (BA);5ª RF;Bahia;Brasil
ITANAGRA;BA;3619;DRF - SALVADOR (BA);DRF - SALVADOR (BA);5ª RF;Bahia;Brasil
ITANHEM;BA;3621;ARF - TEIXEIRA DE FREITAS (BA);DRF - VITÓRIA DA CONQUISTA (BA);5ª RF;Bahia;Brasil
ITAPARICA;BA;3623;DRF - SALVADOR (BA);DRF - SALVADOR (BA);5ª RF;Bahia;Brasil
ITAPE;BA;3625;ARF - ITABUNA (BA);DRF - VITÓRIA DA CONQUISTA (BA);5ª RF;Bahia;Brasil
ITAPEBI;BA;3627;IRF - PORTO SEGURO (BA);DRF - VITÓRIA DA CONQUISTA (BA);5ª RF;Bahia;Brasil
ITAPETINGA;BA;3629;ARF - ITAPETINGA (BA);DRF - VITÓRIA DA CONQUISTA (BA);5ª RF;Bahia;Brasil
ITAPICURU;BA;3631;ARF - ALAGOINHAS (BA);DRF - FEIRA DE SANTANA (BA);5ª RF;Bahia;Brasil
ITAPITANGA;BA;3633;ARF - ITABUNA (BA);DRF - VITÓRIA DA CONQUISTA (BA);5ª RF;Bahia;Brasil
ITAPORANGA D'AJUDA;SE;3163;DRF - ARACAJU (SE);DRF - ARACAJU (SE);5ª RF;Sergipe;Brasil
ITAQUARA;BA;3635;ARF - JEQUIÉ (BA);DRF - VITÓRIA DA CONQUISTA (BA);5ª RF;Bahia;Brasil
ITARANTIM;BA;3637;ARF - ITAPETINGA (BA);DRF - VITÓRIA DA CONQUISTA (BA);5ª RF;Bahia;Brasil
ITATIM;BA;3283;ARF - CRUZ DAS ALMAS (BA);DRF - FEIRA DE SANTANA (BA);5ª RF;Bahia;Brasil
ITIRUCU;BA;3639;ARF - JEQUIÉ (BA);DRF - VITÓRIA DA CONQUISTA (BA);5ª RF;Bahia;Brasil
ITIUBA;BA;3641;ARF - EUCLIDES DA CUNHA (BA);DRF - FEIRA DE SANTANA (BA);5ª RF;Bahia;Brasil
ITORORO;BA;3643;ARF - ITAPETINGA (BA);DRF - VITÓRIA DA CONQUISTA (BA);5ª RF;Bahia;Brasil
ITUACU;BA;3645;DRF - VITÓRIA DA CONQUISTA (BA);DRF - VITÓRIA DA CONQUISTA (BA);5ª RF;Bahia;Brasil
ITUBERA;BA;3647;ARF - SANTO ANTÔNIO DE JESUS (BA);DRF - FEIRA DE SANTANA (BA);5ª RF;Bahia;Brasil
IUIU;BA;3285;ARF - GUANAMBI (BA);DRF - VITÓRIA DA CONQUISTA (BA);5ª RF;Bahia;Brasil
JABORANDI;BA;9859;ARF - BOM JESUS DA LAPA (BA);DRF - VITÓRIA DA CONQUISTA (BA);5ª RF;Bahia;Brasil
JACARACI;BA;3649;ARF - GUANAMBI (BA);DRF - VITÓRIA DA CONQUISTA (BA);5ª RF;Bahia;Brasil
JACOBINA;BA;3651;ARF - JACOBINA (BA);DRF - FEIRA DE SANTANA (BA);5ª RF;Bahia;Brasil
JAGUAQUARA;BA;3653;ARF - JEQUIÉ (BA);DRF - VITÓRIA DA CONQUISTA (BA);5ª RF;Bahia;Brasil
JAGUARARI;BA;3655;ARF - JUAZEIRO (BA);DRF - FEIRA DE SANTANA (BA);5ª RF;Bahia;Brasil
JAGUARIPE;BA;3657;ARF - SANTO ANTÔNIO DE JESUS (BA);DRF - FEIRA DE SANTANA (BA);5ª RF;Bahia;Brasil
JANDAIRA;BA;3659;ARF - ALAGOINHAS (BA);DRF - FEIRA DE SANTANA (BA);5ª RF;Bahia;Brasil
JAPARATUBA;SE;3165;DRF - ARACAJU (SE);DRF - ARACAJU (SE);5ª RF;Sergipe;Brasil
JAPOATA;SE;3167;DRF - ARACAJU (SE);DRF - ARACAJU (SE);5ª RF;Sergipe;Brasil
JEQUIE;BA;3661;ARF - JEQUIÉ (BA);DRF - VITÓRIA DA CONQUISTA (BA);5ª RF;Bahia;Brasil
JEREMOABO;BA;3663;ARF - PAULO AFONSO (BA);DRF - FEIRA DE SANTANA (BA);5ª RF;Bahia;Brasil
JIQUIRICA;BA;3665;ARF - SANTO ANTÔNIO DE JESUS (BA);DRF - FEIRA DE SANTANA (BA);5ª RF;Bahia;Brasil
JITAUNA;BA;3667;ARF - JEQUIÉ (BA);DRF - VITÓRIA DA CONQUISTA (BA);5ª RF;Bahia;Brasil
JOAO DOURADO;BA;3099;ARF - IRECÊ (BA);DRF - FEIRA DE SANTANA (BA);5ª RF;Bahia;Brasil
JUAZEIRO;BA;3669;ARF - JUAZEIRO (BA);DRF - FEIRA DE SANTANA (BA);5ª RF;Bahia;Brasil
JUCURUCU;BA;3287;ARF - TEIXEIRA DE FREITAS (BA);DRF - VITÓRIA DA CONQUISTA (BA);5ª RF;Bahia;Brasil
JUSSARA;BA;3671;ARF - IRECÊ (BA);DRF - FEIRA DE SANTANA (BA);5ª RF;Bahia;Brasil
JUSSARI;BA;3069;ARF - ITABUNA (BA);DRF - VITÓRIA DA CONQUISTA (BA);5ª RF;Bahia;Brasil
JUSSIAPE;BA;3673;ARF - SEABRA (BA);DRF - FEIRA DE SANTANA (BA);5ª RF;Bahia;Brasil
LAFAIETE COUTINHO;BA;3675;ARF - JEQUIÉ (BA);DRF - VITÓRIA DA CONQUISTA (BA);5ª RF;Bahia;Brasil
LAGARTO;SE;3169;DRF - ARACAJU (SE);DRF - ARACAJU (SE);5ª RF;Sergipe;Brasil
LAGOA REAL;BA;3289;ARF - GUANAMBI (BA);DRF - VITÓRIA DA CONQUISTA (BA);5ª RF;Bahia;Brasil
LAJE;BA;3677;ARF - SANTO ANTÔNIO DE JESUS (BA);DRF - FEIRA DE SANTANA (BA);5ª RF;Bahia;Brasil
LAJEDAO;BA;3679;ARF - TEIXEIRA DE FREITAS (BA);DRF - VITÓRIA DA CONQUISTA (BA);5ª RF;Bahia;Brasil
LAJEDINHO;BA;3681;ARF - SEABRA (BA);DRF - FEIRA DE SANTANA (BA);5ª RF;Bahia;Brasil
LAGEDO DO TABOCAL;BA;3291;ARF - JEQUIÉ (BA);DRF - VITÓRIA DA CONQUISTA (BA);5ª RF;Bahia;Brasil
LAMARAO;BA;3683;ARF - ALAGOINHAS (BA);DRF - FEIRA DE SANTANA (BA);5ª RF;Bahia;Brasil
LAPAO;BA;3973;ARF - IRECÊ (BA);DRF - FEIRA DE SANTANA (BA);5ª RF;Bahia;Brasil
LARANJEIRAS;SE;3171;DRF - ARACAJU (SE);DRF - ARACAJU (SE);5ª RF;Sergipe;Brasil
LAURO DE FREITAS;BA;3685;DRF - SALVADOR (BA);DRF - SALVADOR (BA);5ª RF;Bahia;Brasil
LENCOIS;BA;3687;ARF - SEABRA (BA);DRF - FEIRA DE SANTANA (BA);5ª RF;Bahia;Brasil
LICINIO DE ALMEIDA;BA;3689;ARF - GUANAMBI (BA);DRF - VITÓRIA DA CONQUISTA (BA);5ª RF;Bahia;Brasil
LIVRAMENTO DE NOSSA SENHORA;BA;3691;DRF - VITÓRIA DA CONQUISTA (BA);DRF - VITÓRIA DA CONQUISTA (BA);5ª RF;Bahia;Brasil
LUIS EDUARDO MAGALHAES;BA;1112;ARF - BARREIRAS (BA);DRF - FEIRA DE SANTANA (BA);5ª RF;Bahia;Brasil
MACAJUBA;BA;3693;DRF - FEIRA DE SANTANA (BA);DRF - FEIRA DE SANTANA (BA);5ª RF;Bahia;Brasil
MACAMBIRA;SE;3173;DRF - ARACAJU (SE);DRF - ARACAJU (SE);5ª RF;Sergipe;Brasil
MACARANI;BA;3695;ARF - ITAPETINGA (BA);DRF - VITÓRIA DA CONQUISTA (BA);5ª RF;Bahia;Brasil
MACAUBAS;BA;3697;ARF - GUANAMBI (BA);DRF - VITÓRIA DA CONQUISTA (BA);5ª RF;Bahia;Brasil
MACURURE;BA;3699;ARF - PAULO AFONSO (BA);DRF - FEIRA DE SANTANA (BA);5ª RF;Bahia;Brasil
MADRE DE DEUS;BA;3293;DRF - SALVADOR (BA);DRF - SALVADOR (BA);5ª RF;Bahia;Brasil
MAETINGA;BA;3975;DRF - VITÓRIA DA CONQUISTA (BA);DRF - VITÓRIA DA CONQUISTA (BA);5ª RF;Bahia;Brasil
MAIQUINIQUE;BA;3701;ARF - ITAPETINGA (BA);DRF - VITÓRIA DA CONQUISTA (BA);5ª RF;Bahia;Brasil
MAIRI;BA;3703;ARF - JACOBINA (BA);DRF - FEIRA DE SANTANA (BA);5ª RF;Bahia;Brasil
MALHADA;BA;3705;ARF - GUANAMBI (BA);DRF - VITÓRIA DA CONQUISTA (BA);5ª RF;Bahia;Brasil
MALHADA DE PEDRAS;BA;3707;ARF - GUANAMBI (BA);DRF - VITÓRIA DA CONQUISTA (BA);5ª RF;Bahia;Brasil
MALHADA DOS BOIS;SE;3175;DRF - ARACAJU (SE);DRF - ARACAJU (SE);5ª RF;Sergipe;Brasil
MALHADOR;SE;3177;DRF - ARACAJU (SE);DRF - ARACAJU (SE);5ª RF;Sergipe;Brasil
MANOEL VITORINO;BA;3709;ARF - JEQUIÉ (BA);DRF - VITÓRIA DA CONQUISTA (BA);5ª RF;Bahia;Brasil
MANSIDAO;BA;3977;ARF - BARREIRAS (BA);DRF - FEIRA DE SANTANA (BA);5ª RF;Bahia;Brasil
MARACAS;BA;3711;ARF - JEQUIÉ (BA);DRF - VITÓRIA DA CONQUISTA (BA);5ª RF;Bahia;Brasil
MARAGOGIPE;BA;3713;ARF - CRUZ DAS ALMAS (BA);DRF - FEIRA DE SANTANA (BA);5ª RF;Bahia;Brasil
MARAU;BA;3715;IRF - ILHÉUS (BA);DRF - VITÓRIA DA CONQUISTA (BA);5ª RF;Bahia;Brasil
MARCIONILIO SOUZA;BA;3717;ARF - JEQUIÉ (BA);DRF - VITÓRIA DA CONQUISTA (BA);5ª RF;Bahia;Brasil
MARUIM;SE;3179;DRF - ARACAJU (SE);DRF - ARACAJU (SE);5ª RF;Sergipe;Brasil
MASCOTE;BA;3719;ARF - ITABUNA (BA);DRF - VITÓRIA DA CONQUISTA (BA);5ª RF;Bahia;Brasil
MATA DE SAO JOAO;BA;3721;DRF - SALVADOR (BA);DRF - SALVADOR (BA);5ª RF;Bahia;Brasil
MATINA;BA;3295;ARF - GUANAMBI (BA);DRF - VITÓRIA DA CONQUISTA (BA);5ª RF;Bahia;Brasil
MEDEIROS NETO;BA;3723;ARF - TEIXEIRA DE FREITAS (BA);DRF - VITÓRIA DA CONQUISTA (BA);5ª RF;Bahia;Brasil
MIGUEL CALMON;BA;3725;ARF - JACOBINA (BA);DRF - FEIRA DE SANTANA (BA);5ª RF;Bahia;Brasil
MILAGRES;BA;3727;ARF - JEQUIÉ (BA);DRF - VITÓRIA DA CONQUISTA (BA);5ª RF;Bahia;Brasil
MIRANGABA;BA;3729;ARF - JACOBINA (BA);DRF - FEIRA DE SANTANA (BA);5ª RF;Bahia;Brasil
MIRANTE;BA;3297;DRF - VITÓRIA DA CONQUISTA (BA);DRF - VITÓRIA DA CONQUISTA (BA);5ª RF;Bahia;Brasil
MOITA BONITA;SE;3181;DRF - ARACAJU (SE);DRF - ARACAJU (SE);5ª RF;Sergipe;Brasil
MONTE ALEGRE DE SERGIPE;SE;3183;DRF - ARACAJU (SE);DRF - ARACAJU (SE);5ª RF;Sergipe;Brasil
MONTE SANTO;BA;3731;ARF - EUCLIDES DA CUNHA (BA);DRF - FEIRA DE SANTANA (BA);5ª RF;Bahia;Brasil
MORPARA;BA;3733;ARF - BARREIRAS (BA);DRF - FEIRA DE SANTANA (BA);5ª RF;Bahia;Brasil
MORRO DO CHAPEU;BA;3735;ARF - IRECÊ (BA);DRF - FEIRA DE SANTANA (BA);5ª RF;Bahia;Brasil
MORTUGABA;BA;3737;ARF - GUANAMBI (BA);DRF - VITÓRIA DA CONQUISTA (BA);5ª RF;Bahia;Brasil
MUCUGE;BA;3739;ARF - SEABRA (BA);DRF - FEIRA DE SANTANA (BA);5ª RF;Bahia;Brasil
MUCURI;BA;3741;ARF - TEIXEIRA DE FREITAS (BA);DRF - VITÓRIA DA CONQUISTA (BA);5ª RF;Bahia;Brasil
MULUNGU DO MORRO;BA;3299;ARF - IRECÊ (BA);DRF - FEIRA DE SANTANA (BA);5ª RF;Bahia;Brasil
MUNDO NOVO;BA;3743;ARF - JACOBINA (BA);DRF - FEIRA DE SANTANA (BA);5ª RF;Bahia;Brasil
MUNIZ FERREIRA;BA;3745;ARF - SANTO ANTÔNIO DE JESUS (BA);DRF - FEIRA DE SANTANA (BA);5ª RF;Bahia;Brasil
MUQUEM DO SAO FRANCISCO;BA;3005;ARF - BARREIRAS (BA);DRF - FEIRA DE SANTANA (BA);5ª RF;Bahia;Brasil
MURIBECA;SE;3185;DRF - ARACAJU (SE);DRF - ARACAJU (SE);5ª RF;Sergipe;Brasil
MURITIBA;BA;3747;ARF - CRUZ DAS ALMAS (BA);DRF - FEIRA DE SANTANA (BA);5ª RF;Bahia;Brasil
MUTUIPE;BA;3749;ARF - SANTO ANTÔNIO DE JESUS (BA);DRF - FEIRA DE SANTANA (BA);5ª RF;Bahia;Brasil
NAZARE;BA;3751;ARF - SANTO ANTÔNIO DE JESUS (BA);DRF - FEIRA DE SANTANA (BA);5ª RF;Bahia;Brasil
NEOPOLIS;SE;3187;DRF - ARACAJU (SE);DRF - ARACAJU (SE);5ª RF;Sergipe;Brasil
NILO PECANHA;BA;3753;ARF - SANTO ANTÔNIO DE JESUS (BA);DRF - FEIRA DE SANTANA (BA);5ª RF;Bahia;Brasil
NORDESTINA;BA;3979;DRF - FEIRA DE SANTANA (BA);DRF - FEIRA DE SANTANA (BA);5ª RF;Bahia;Brasil
NOSSA SENHORA APARECIDA;SE;3135;DRF - ARACAJU (SE);DRF - ARACAJU (SE);5ª RF;Sergipe;Brasil
NOSSA SENHORA DA GLORIA;SE;3189;DRF - ARACAJU (SE);DRF - ARACAJU (SE);5ª RF;Sergipe;Brasil
NOSSA SENHORA DAS DORES;SE;3191;DRF - ARACAJU (SE);DRF - ARACAJU (SE);5ª RF;Sergipe;Brasil
NOSSA SENHORA DE LOURDES;SE;3193;DRF - ARACAJU (SE);DRF - ARACAJU (SE);5ª RF;Sergipe;Brasil
NOSSA SENHORA DO SOCORRO;SE;3195;DRF - ARACAJU (SE);DRF - ARACAJU (SE);5ª RF;Sergipe;Brasil
NOVA CANAA;BA;3755;DRF - VITÓRIA DA CONQUISTA (BA);DRF - VITÓRIA DA CONQUISTA (BA);5ª RF;Bahia;Brasil
NOVA FATIMA;BA;3007;DRF - FEIRA DE SANTANA (BA);DRF - FEIRA DE SANTANA (BA);5ª RF;Bahia;Brasil
NOVA IBIA;BA;3009;ARF - JEQUIÉ (BA);DRF - VITÓRIA DA CONQUISTA (BA);5ª RF;Bahia;Brasil
NOVA ITARANA;BA;3757;ARF - JEQUIÉ (BA);DRF - VITÓRIA DA CONQUISTA (BA);5ª RF;Bahia;Brasil
NOVA REDENCAO;BA;3011;ARF - SEABRA (BA);DRF - FEIRA DE SANTANA (BA);5ª RF;Bahia;Brasil
NOVA SOURE;BA;3759;ARF - ALAGOINHAS (BA);DRF - FEIRA DE SANTANA (BA);5ª RF;Bahia;Brasil
NOVA VICOSA;BA;3761;ARF - TEIXEIRA DE FREITAS (BA);DRF - VITÓRIA DA CONQUISTA (BA);5ª RF;Bahia;Brasil
NOVO HORIZONTE;BA;3013;ARF - SEABRA (BA);DRF - FEIRA DE SANTANA (BA);5ª RF;Bahia;Brasil
NOVO TRIUNFO;BA;3015;ARF - PAULO AFONSO (BA);DRF - FEIRA DE SANTANA (BA);5ª RF;Bahia;Brasil
OLINDINA;BA;3763;ARF - ALAGOINHAS (BA);DRF - FEIRA DE SANTANA (BA);5ª RF;Bahia;Brasil
OLIVEIRA DOS BREJINHOS;BA;3765;ARF - SEABRA (BA);DRF - FEIRA DE SANTANA (BA);5ª RF;Bahia;Brasil
OURICANGAS;BA;3767;ARF - ALAGOINHAS (BA);DRF - FEIRA DE SANTANA (BA);5ª RF;Bahia;Brasil
OUROLANDIA;BA;3017;ARF - JACOBINA (BA);DRF - FEIRA DE SANTANA (BA);5ª RF;Bahia;Brasil
PACATUBA;SE;3197;DRF - ARACAJU (SE);DRF - ARACAJU (SE);5ª RF;Sergipe;Brasil
PALMAS DE MONTE ALTO;BA;3769;ARF - GUANAMBI (BA);DRF - VITÓRIA DA CONQUISTA (BA);5ª RF;Bahia;Brasil
PALMEIRAS;BA;3771;ARF - SEABRA (BA);DRF - FEIRA DE SANTANA (BA);5ª RF;Bahia;Brasil
PARAMIRIM;BA;3773;ARF - GUANAMBI (BA);DRF - VITÓRIA DA CONQUISTA (BA);5ª RF;Bahia;Brasil
PARATINGA;BA;3775;ARF - BOM JESUS DA LAPA (BA);DRF - VITÓRIA DA CONQUISTA (BA);5ª RF;Bahia;Brasil
PARIPIRANGA;BA;3777;ARF - ALAGOINHAS (BA);DRF - FEIRA DE SANTANA (BA);5ª RF;Bahia;Brasil
PAU BRASIL;BA;3779;ARF - ITABUNA (BA);DRF - VITÓRIA DA CONQUISTA (BA);5ª RF;Bahia;Brasil
PAULO AFONSO;BA;3781;ARF - PAULO AFONSO (BA);DRF - FEIRA DE SANTANA (BA);5ª RF;Bahia;Brasil
PE DE SERRA;BA;3981;DRF - FEIRA DE SANTANA (BA);DRF - FEIRA DE SANTANA (BA);5ª RF;Bahia;Brasil
PEDRA MOLE;SE;3199;DRF - ARACAJU (SE);DRF - ARACAJU (SE);5ª RF;Sergipe;Brasil
PEDRAO;BA;3783;ARF - ALAGOINHAS (BA);DRF - FEIRA DE SANTANA (BA);5ª RF;Bahia;Brasil
PEDRINHAS;SE;3201;DRF - ARACAJU (SE);DRF - ARACAJU (SE);5ª RF;Sergipe;Brasil
PEDRO ALEXANDRE;BA;3785;ARF - PAULO AFONSO (BA);DRF - FEIRA DE SANTANA (BA);5ª RF;Bahia;Brasil
PIATA;BA;3787;ARF - SEABRA (BA);DRF - FEIRA DE SANTANA (BA);5ª RF;Bahia;Brasil
PILAO ARCADO;BA;3789;ARF - JUAZEIRO (BA);DRF - FEIRA DE SANTANA (BA);5ª RF;Bahia;Brasil
PINDAI;BA;3791;ARF - GUANAMBI (BA);DRF - VITÓRIA DA CONQUISTA (BA);5ª RF;Bahia;Brasil
PINDOBACU;BA;3793;ARF - JACOBINA (BA);DRF - FEIRA DE SANTANA (BA);5ª RF;Bahia;Brasil
PINHAO;SE;3203;DRF - ARACAJU (SE);DRF - ARACAJU (SE);5ª RF;Sergipe;Brasil
PINTADAS;BA;3983;DRF - FEIRA DE SANTANA (BA);DRF - FEIRA DE SANTANA (BA);5ª RF;Bahia;Brasil
PIRAI DO NORTE;BA;3019;ARF - SANTO ANTÔNIO DE JESUS (BA);DRF - FEIRA DE SANTANA (BA);5ª RF;Bahia;Brasil
PIRAMBU;SE;3205;DRF - ARACAJU (SE);DRF - ARACAJU (SE);5ª RF;Sergipe;Brasil
PIRIPA;BA;3795;DRF - VITÓRIA DA CONQUISTA (BA);DRF - VITÓRIA DA CONQUISTA (BA);5ª RF;Bahia;Brasil
PIRITIBA;BA;3797;ARF - JACOBINA (BA);DRF - FEIRA DE SANTANA (BA);5ª RF;Bahia;Brasil
PLANALTINO;BA;3799;ARF - JEQUIÉ (BA);DRF - VITÓRIA DA CONQUISTA (BA);5ª RF;Bahia;Brasil
PLANALTO;BA;3801;DRF - VITÓRIA DA CONQUISTA (BA);DRF - VITÓRIA DA CONQUISTA (BA);5ª RF;Bahia;Brasil
POCO REDONDO;SE;3207;DRF - ARACAJU (SE);DRF - ARACAJU (SE);5ª RF;Sergipe;Brasil
POCO VERDE;SE;3209;DRF - ARACAJU (SE);DRF - ARACAJU (SE);5ª RF;Sergipe;Brasil
POCOES;BA;3803;DRF - VITÓRIA DA CONQUISTA (BA);DRF - VITÓRIA DA CONQUISTA (BA);5ª RF;Bahia;Brasil
POJUCA;BA;3805;ARF - ALAGOINHAS (BA);DRF - FEIRA DE SANTANA (BA);5ª RF;Bahia;Brasil
PONTO NOVO;BA;3021;ARF - JACOBINA (BA);DRF - FEIRA DE SANTANA (BA);5ª RF;Bahia;Brasil
PORTO DA FOLHA;SE;3211;DRF - ARACAJU (SE);DRF - ARACAJU (SE);5ª RF;Sergipe;Brasil
PORTO SEGURO;BA;3807;IRF - PORTO SEGURO (BA);DRF - VITÓRIA DA CONQUISTA (BA);5ª RF;Bahia;Brasil
POTIRAGUA;BA;3809;ARF - ITAPETINGA (BA);DRF - VITÓRIA DA CONQUISTA (BA);5ª RF;Bahia;Brasil
PRADO;BA;3811;ARF - TEIXEIRA DE FREITAS (BA);DRF - VITÓRIA DA CONQUISTA (BA);5ª RF;Bahia;Brasil
PRESIDENTE DUTRA;BA;3813;ARF - IRECÊ (BA);DRF - FEIRA DE SANTANA (BA);5ª RF;Bahia;Brasil
PRESIDENTE JANIO QUADROS;BA;3815;DRF - VITÓRIA DA CONQUISTA (BA);DRF - VITÓRIA DA CONQUISTA (BA);5ª RF;Bahia;Brasil
PRESIDENTE TANCREDO NEVES;BA;3023;ARF - SANTO ANTÔNIO DE JESUS (BA);DRF - FEIRA DE SANTANA (BA);5ª RF;Bahia;Brasil
PROPRIA;SE;3213;DRF - ARACAJU (SE);DRF - ARACAJU (SE);5ª RF;Sergipe;Brasil
QUEIMADAS;BA;3817;DRF - FEIRA DE SANTANA (BA);DRF - FEIRA DE SANTANA (BA);5ª RF;Bahia;Brasil
QUIJINGUE;BA;3819;ARF - EUCLIDES DA CUNHA (BA);DRF - FEIRA DE SANTANA (BA);5ª RF;Bahia;Brasil
QUIXABEIRA;BA;3025;ARF - JACOBINA (BA);DRF - FEIRA DE SANTANA (BA);5ª RF;Bahia;Brasil
RAFAEL JAMBEIRO;BA;3985;DRF - FEIRA DE SANTANA (BA);DRF - FEIRA DE SANTANA (BA);5ª RF;Bahia;Brasil
REMANSO;BA;3821;ARF - JUAZEIRO (BA);DRF - FEIRA DE SANTANA (BA);5ª RF;Bahia;Brasil
RETIROLANDIA;BA;3823;DRF - FEIRA DE SANTANA (BA);DRF - FEIRA DE SANTANA (BA);5ª RF;Bahia;Brasil
RIACHAO DAS NEVES;BA;3825;ARF - BARREIRAS (BA);DRF - FEIRA DE SANTANA (BA);5ª RF;Bahia;Brasil
RIACHAO DO DANTAS;SE;3215;DRF - ARACAJU (SE);DRF - ARACAJU (SE);5ª RF;Sergipe;Brasil
RIACHAO DO JACUIPE;BA;3827;DRF - FEIRA DE SANTANA (BA);DRF - FEIRA DE SANTANA (BA);5ª RF;Bahia;Brasil
RIACHO DE SANTANA;BA;3829;ARF - BOM JESUS DA LAPA (BA);DRF - VITÓRIA DA CONQUISTA (BA);5ª RF;Bahia;Brasil
RIACHUELO;SE;3217;DRF - ARACAJU (SE);DRF - ARACAJU (SE);5ª RF;Sergipe;Brasil
RIBEIRA DO AMPARO;BA;3831;ARF - ALAGOINHAS (BA);DRF - FEIRA DE SANTANA (BA);5ª RF;Bahia;Brasil
RIBEIRA DO POMBAL;BA;3833;ARF - ALAGOINHAS (BA);DRF - FEIRA DE SANTANA (BA);5ª RF;Bahia;Brasil
RIBEIRAO DO LARGO;BA;3027;DRF - VITÓRIA DA CONQUISTA (BA);DRF - VITÓRIA DA CONQUISTA (BA);5ª RF;Bahia;Brasil
RIBEIROPOLIS;SE;3219;DRF - ARACAJU (SE);DRF - ARACAJU (SE);5ª RF;Sergipe;Brasil
RIO DE CONTAS;BA;3835;DRF - VITÓRIA DA CONQUISTA (BA);DRF - VITÓRIA DA CONQUISTA (BA);5ª RF;Bahia;Brasil
RIO DO ANTONIO;BA;3837;ARF - GUANAMBI (BA);DRF - VITÓRIA DA CONQUISTA (BA);5ª RF;Bahia;Brasil
RIO DO PIRES;BA;3839;ARF - SEABRA (BA);DRF - FEIRA DE SANTANA (BA);5ª RF;Bahia;Brasil
RIO REAL;BA;3841;ARF - ALAGOINHAS (BA);DRF - FEIRA DE SANTANA (BA);5ª RF;Bahia;Brasil
RODELAS;BA;3843;ARF - PAULO AFONSO (BA);DRF - FEIRA DE SANTANA (BA);5ª RF;Bahia;Brasil
ROSARIO DO CATETE;SE;3221;DRF - ARACAJU (SE);DRF - ARACAJU (SE);5ª RF;Sergipe;Brasil
RUY BARBOSA;BA;3845;DRF - FEIRA DE SANTANA (BA);DRF - FEIRA DE SANTANA (BA);5ª RF;Bahia;Brasil
SALGADO;SE;3223;DRF - ARACAJU (SE);DRF - ARACAJU (SE);5ª RF;Sergipe;Brasil
SALINAS DA MARGARIDA;BA;3847;DRF - SALVADOR (BA);DRF - SALVADOR (BA);5ª RF;Bahia;Brasil
SALVADOR;BA;3849;DRF - SALVADOR (BA);DRF - SALVADOR (BA);5ª RF;Bahia;Brasil
SANTA BARBARA;BA;3851;DRF - FEIRA DE SANTANA (BA);DRF - FEIRA DE SANTANA (BA);5ª RF;Bahia;Brasil
SANTA BRIGIDA;BA;3853;ARF - PAULO AFONSO (BA);DRF - FEIRA DE SANTANA (BA);5ª RF;Bahia;Brasil
SANTA CRUZ CABRALIA;BA;3855;IRF - PORTO SEGURO (BA);DRF - VITÓRIA DA CONQUISTA (BA);5ª RF;Bahia;Brasil
SANTA CRUZ DA VITORIA;BA;3857;ARF - ITABUNA (BA);DRF - VITÓRIA DA CONQUISTA (BA);5ª RF;Bahia;Brasil
SANTA INES;BA;3859;ARF - JEQUIÉ (BA);DRF - VITÓRIA DA CONQUISTA (BA);5ª RF;Bahia;Brasil
SANTA LUZIA;BA;3987;ARF - ITABUNA (BA);DRF - VITÓRIA DA CONQUISTA (BA);5ª RF;Bahia;Brasil
SANTA LUZIA DO ITANHY;SE;3225;DRF - ARACAJU (SE);DRF - ARACAJU (SE);5ª RF;Sergipe;Brasil
SANTA MARIA DA VITORIA;BA;3863;ARF - BOM JESUS DA LAPA (BA);DRF - VITÓRIA DA CONQUISTA (BA);5ª RF;Bahia;Brasil
SANTA RITA DE CASSIA;BA;3549;ARF - BARREIRAS (BA);DRF - FEIRA DE SANTANA (BA);5ª RF;Bahia;Brasil
SANTA ROSA DE LIMA;SE;3229;DRF - ARACAJU (SE);DRF - ARACAJU (SE);5ª RF;Sergipe;Brasil
SANTA TERESINHA;BA;3869;ARF - CRUZ DAS ALMAS (BA);DRF - FEIRA DE SANTANA (BA);5ª RF;Bahia;Brasil
SANTALUZ;BA;3861;DRF - FEIRA DE SANTANA (BA);DRF - FEIRA DE SANTANA (BA);5ª RF;Bahia;Brasil
SANTANA;BA;3865;ARF - BOM JESUS DA LAPA (BA);DRF - VITÓRIA DA CONQUISTA (BA);5ª RF;Bahia;Brasil
SANTANA DO SAO FRANCISCO;SE;2647;DRF - ARACAJU (SE);DRF - ARACAJU (SE);5ª RF;Sergipe;Brasil
SANTANOPOLIS;BA;3867;DRF - FEIRA DE SANTANA (BA);DRF - FEIRA DE SANTANA (BA);5ª RF;Bahia;Brasil
SANTO AMARO;BA;3871;DRF - FEIRA DE SANTANA (BA);DRF - FEIRA DE SANTANA (BA);5ª RF;Bahia;Brasil
SANTO AMARO DAS BROTAS;SE;3231;DRF - ARACAJU (SE);DRF - ARACAJU (SE);5ª RF;Sergipe;Brasil
SANTO ANTONIO DE JESUS;BA;3873;ARF - SANTO ANTÔNIO DE JESUS (BA);DRF - FEIRA DE SANTANA (BA);5ª RF;Bahia;Brasil
SANTO ESTEVAO;BA;3875;DRF - FEIRA DE SANTANA (BA);DRF - FEIRA DE SANTANA (BA);5ª RF;Bahia;Brasil
SAO CRISTOVAO;SE;3233;DRF - ARACAJU (SE);DRF - ARACAJU (SE);5ª RF;Sergipe;Brasil
SAO DESIDERIO;BA;3877;ARF - BARREIRAS (BA);DRF - FEIRA DE SANTANA (BA);5ª RF;Bahia;Brasil
SAO DOMINGOS;BA;3029;DRF - FEIRA DE SANTANA (BA);DRF - FEIRA DE SANTANA (BA);5ª RF;Bahia;Brasil
SAO DOMINGOS;SE;3235;DRF - ARACAJU (SE);DRF - ARACAJU (SE);5ª RF;Sergipe;Brasil
SAO FELIPE;BA;3881;ARF - SANTO ANTÔNIO DE JESUS (BA);DRF - FEIRA DE SANTANA (BA);5ª RF;Bahia;Brasil
SAO FELIX;BA;3879;ARF - CRUZ DAS ALMAS (BA);DRF - FEIRA DE SANTANA (BA);5ª RF;Bahia;Brasil
SAO FELIX DO CORIBE;BA;3031;ARF - BOM JESUS DA LAPA (BA);DRF - VITÓRIA DA CONQUISTA (BA);5ª RF;Bahia;Brasil
SAO FRANCISCO;SE;3237;DRF - ARACAJU (SE);DRF - ARACAJU (SE);5ª RF;Sergipe;Brasil
SAO FRANCISCO DO CONDE;BA;3883;DRF - SALVADOR (BA);DRF - SALVADOR (BA);5ª RF;Bahia;Brasil
SAO GABRIEL;BA;3989;ARF - IRECÊ (BA);DRF - FEIRA DE SANTANA (BA);5ª RF;Bahia;Brasil
SAO GONCALO DOS CAMPOS;BA;3885;DRF - FEIRA DE SANTANA (BA);DRF - FEIRA DE SANTANA (BA);5ª RF;Bahia;Brasil
SAO JOSE DA VITORIA;BA;3035;ARF - ITABUNA (BA);DRF - VITÓRIA DA CONQUISTA (BA);5ª RF;Bahia;Brasil
SAO JOSE DO JACUIPE;BA;3033;ARF - JACOBINA (BA);DRF - FEIRA DE SANTANA (BA);5ª RF;Bahia;Brasil
SAO MIGUEL DAS MATAS;BA;3887;ARF - SANTO ANTÔNIO DE JESUS (BA);DRF - FEIRA DE SANTANA (BA);5ª RF;Bahia;Brasil
SAO MIGUEL DO ALEIXO;SE;3239;DRF - ARACAJU (SE);DRF - ARACAJU (SE);5ª RF;Sergipe;Brasil
SAO SEBASTIAO DO PASSE;BA;3889;DRF - SALVADOR (BA);DRF - SALVADOR (BA);5ª RF;Bahia;Brasil
SAPEACU;BA;3891;ARF - CRUZ DAS ALMAS (BA);DRF - FEIRA DE SANTANA (BA);5ª RF;Bahia;Brasil
SATIRO DIAS;BA;3893;ARF - ALAGOINHAS (BA);DRF - FEIRA DE SANTANA (BA);5ª RF;Bahia;Brasil
SAUBARA;BA;3037;DRF - FEIRA DE SANTANA (BA);DRF - FEIRA DE SANTANA (BA);5ª RF;Bahia;Brasil
SAUDE;BA;3895;ARF - JACOBINA (BA);DRF - FEIRA DE SANTANA (BA);5ª RF;Bahia;Brasil
SEABRA;BA;3897;ARF - SEABRA (BA);DRF - FEIRA DE SANTANA (BA);5ª RF;Bahia;Brasil
SEBASTIAO LARANJEIRAS;BA;3899;ARF - GUANAMBI (BA);DRF - VITÓRIA DA CONQUISTA (BA);5ª RF;Bahia;Brasil
SENHOR DO BONFIM;BA;3901;ARF - JUAZEIRO (BA);DRF - FEIRA DE SANTANA (BA);5ª RF;Bahia;Brasil
SENTO SE;BA;3903;ARF - JUAZEIRO (BA);DRF - FEIRA DE SANTANA (BA);5ª RF;Bahia;Brasil
SERRA DO RAMALHO;BA;3039;ARF - BOM JESUS DA LAPA (BA);DRF - VITÓRIA DA CONQUISTA (BA);5ª RF;Bahia;Brasil
SERRA DOURADA;BA;3905;ARF - BOM JESUS DA LAPA (BA);DRF - VITÓRIA DA CONQUISTA (BA);5ª RF;Bahia;Brasil
SERRA PRETA;BA;3907;DRF - FEIRA DE SANTANA (BA);DRF - FEIRA DE SANTANA (BA);5ª RF;Bahia;Brasil
SERRINHA;BA;3909;DRF - FEIRA DE SANTANA (BA);DRF - FEIRA DE SANTANA (BA);5ª RF;Bahia;Brasil
SERROLANDIA;BA;3911;ARF - JACOBINA (BA);DRF - FEIRA DE SANTANA (BA);5ª RF;Bahia;Brasil
SIMAO DIAS;SE;3241;DRF - ARACAJU (SE);DRF - ARACAJU (SE);5ª RF;Sergipe;Brasil
SIMOES FILHO;BA;3913;DRF - SALVADOR (BA);DRF - SALVADOR (BA);5ª RF;Bahia;Brasil
SIRIRI;SE;3243;DRF - ARACAJU (SE);DRF - ARACAJU (SE);5ª RF;Sergipe;Brasil
SITIO DO MATO;BA;3041;ARF - BOM JESUS DA LAPA (BA);DRF - VITÓRIA DA CONQUISTA (BA);5ª RF;Bahia;Brasil
SITIO DO QUINTO;BA;3043;ARF - PAULO AFONSO (BA);DRF - FEIRA DE SANTANA (BA);5ª RF;Bahia;Brasil
SOBRADINHO;BA;3045;ARF - JUAZEIRO (BA);DRF - FEIRA DE SANTANA (BA);5ª RF;Bahia;Brasil
SOUTO SOARES;BA;3915;ARF - SEABRA (BA);DRF - FEIRA DE SANTANA (BA);5ª RF;Bahia;Brasil
TABOCAS DO BREJO VELHO;BA;3917;ARF - BOM JESUS DA LAPA (BA);DRF - VITÓRIA DA CONQUISTA (BA);5ª RF;Bahia;Brasil
TANHACU;BA;3919;DRF - VITÓRIA DA CONQUISTA (BA);DRF - VITÓRIA DA CONQUISTA (BA);5ª RF;Bahia;Brasil
TANQUE NOVO;BA;3991;ARF - GUANAMBI (BA);DRF - VITÓRIA DA CONQUISTA (BA);5ª RF;Bahia;Brasil
TANQUINHO;BA;3921;DRF - FEIRA DE SANTANA (BA);DRF - FEIRA DE SANTANA (BA);5ª RF;Bahia;Brasil
TAPEROA;BA;3923;ARF - SANTO ANTÔNIO DE JESUS (BA);DRF - FEIRA DE SANTANA (BA);5ª RF;Bahia;Brasil
TAPIRAMUTA;BA;3925;ARF - JACOBINA (BA);DRF - FEIRA DE SANTANA (BA);5ª RF;Bahia;Brasil
TEIXEIRA DE FREITAS;BA;3993;ARF - TEIXEIRA DE FREITAS (BA);DRF - VITÓRIA DA CONQUISTA (BA);5ª RF;Bahia;Brasil
TELHA;SE;3245;DRF - ARACAJU (SE);DRF - ARACAJU (SE);5ª RF;Sergipe;Brasil
TEODORO SAMPAIO;BA;3927;DRF - FEIRA DE SANTANA (BA);DRF - FEIRA DE SANTANA (BA);5ª RF;Bahia;Brasil
TEOFILANDIA;BA;3929;DRF - FEIRA DE SANTANA (BA);DRF - FEIRA DE SANTANA (BA);5ª RF;Bahia;Brasil
TEOLANDIA;BA;3931;ARF - SANTO ANTÔNIO DE JESUS (BA);DRF - FEIRA DE SANTANA (BA);5ª RF;Bahia;Brasil
TERRA NOVA;BA;3933;DRF - FEIRA DE SANTANA (BA);DRF - FEIRA DE SANTANA (BA);5ª RF;Bahia;Brasil
TOBIAS BARRETO;SE;3247;DRF - ARACAJU (SE);DRF - ARACAJU (SE);5ª RF;Sergipe;Brasil
TOMAR DO GERU;SE;3249;DRF - ARACAJU (SE);DRF - ARACAJU (SE);5ª RF;Sergipe;Brasil
TREMEDAL;BA;3935;DRF - VITÓRIA DA CONQUISTA (BA);DRF - VITÓRIA DA CONQUISTA (BA);5ª RF;Bahia;Brasil
TUCANO;BA;3937;ARF - EUCLIDES DA CUNHA (BA);DRF - FEIRA DE SANTANA (BA);5ª RF;Bahia;Brasil
UAUA;BA;3939;ARF - JUAZEIRO (BA);DRF - FEIRA DE SANTANA (BA);5ª RF;Bahia;Brasil
UBAIRA;BA;3941;ARF - SANTO ANTÔNIO DE JESUS (BA);DRF - FEIRA DE SANTANA (BA);5ª RF;Bahia;Brasil
UBAITABA;BA;3943;ARF - ITABUNA (BA);DRF - VITÓRIA DA CONQUISTA (BA);5ª RF;Bahia;Brasil
UBATA;BA;3945;ARF - JEQUIÉ (BA);DRF - VITÓRIA DA CONQUISTA (BA);5ª RF;Bahia;Brasil
UIBAI;BA;3947;ARF - IRECÊ (BA);DRF - FEIRA DE SANTANA (BA);5ª RF;Bahia;Brasil
UMBAUBA;SE;3251;DRF - ARACAJU (SE);DRF - ARACAJU (SE);5ª RF;Sergipe;Brasil
UMBURANAS;BA;3047;ARF - JACOBINA (BA);DRF - FEIRA DE SANTANA (BA);5ª RF;Bahia;Brasil
UNA;BA;3949;IRF - ILHÉUS (BA);DRF - VITÓRIA DA CONQUISTA (BA);5ª RF;Bahia;Brasil
URANDI;BA;3951;ARF - GUANAMBI (BA);DRF - VITÓRIA DA CONQUISTA (BA);5ª RF;Bahia;Brasil
URUCUCA;BA;3953;IRF - ILHÉUS (BA);DRF - VITÓRIA DA CONQUISTA (BA);5ª RF;Bahia;Brasil
UTINGA;BA;3955;ARF - SEABRA (BA);DRF - FEIRA DE SANTANA (BA);5ª RF;Bahia;Brasil
VALENCA;BA;3957;ARF - SANTO ANTÔNIO DE JESUS (BA);DRF - FEIRA DE SANTANA (BA);5ª RF;Bahia;Brasil
VALENTE;BA;3959;DRF - FEIRA DE SANTANA (BA);DRF - FEIRA DE SANTANA (BA);5ª RF;Bahia;Brasil
VARZEA DA ROCA;BA;3997;ARF - JACOBINA (BA);DRF - FEIRA DE SANTANA (BA);5ª RF;Bahia;Brasil
VARZEA DO POCO;BA;3961;ARF - JACOBINA (BA);DRF - FEIRA DE SANTANA (BA);5ª RF;Bahia;Brasil
VARZEA NOVA;BA;3995;ARF - JACOBINA (BA);DRF - FEIRA DE SANTANA (BA);5ª RF;Bahia;Brasil
VARZEDO;BA;3049;ARF - SANTO ANTÔNIO DE JESUS (BA);DRF - FEIRA DE SANTANA (BA);5ª RF;Bahia;Brasil
VERA CRUZ;BA;3963;DRF - SALVADOR (BA);DRF - SALVADOR (BA);5ª RF;Bahia;Brasil
VEREDA;BA;3051;ARF - TEIXEIRA DE FREITAS (BA);DRF - VITÓRIA DA CONQUISTA (BA);5ª RF;Bahia;Brasil
VITORIA DA CONQUISTA;BA;3965;DRF - VITÓRIA DA CONQUISTA (BA);DRF - VITÓRIA DA CONQUISTA (BA);5ª RF;Bahia;Brasil
WAGNER;BA;3967;ARF - SEABRA (BA);DRF - FEIRA DE SANTANA (BA);5ª RF;Bahia;Brasil
WANDERLEY;BA;3999;ARF - BARREIRAS (BA);DRF - FEIRA DE SANTANA (BA);5ª RF;Bahia;Brasil
WENCESLAU GUIMARAES;BA;3969;ARF - SANTO ANTÔNIO DE JESUS (BA);DRF - FEIRA DE SANTANA (BA);5ª RF;Bahia;Brasil
XIQUE-XIQUE;BA;3971;ARF - IRECÊ (BA);DRF - FEIRA DE SANTANA (BA);5ª RF;Bahia;Brasil
